{"tilemap": {"2;7": {"type": "grass", "variant": 0, "pos": [2, 7]}, "16;7": {"type": "grass", "variant": 2, "pos": [16, 7]}, "16;8": {"type": "grass", "variant": 3, "pos": [16, 8]}, "16;9": {"type": "grass", "variant": 3, "pos": [16, 9]}, "16;10": {"type": "grass", "variant": 4, "pos": [16, 10]}, "2;8": {"type": "grass", "variant": 7, "pos": [2, 8]}, "2;9": {"type": "grass", "variant": 7, "pos": [2, 9]}, "2;10": {"type": "grass", "variant": 6, "pos": [2, 10]}, "3;7": {"type": "grass", "variant": 1, "pos": [3, 7]}, "5;7": {"type": "grass", "variant": 1, "pos": [5, 7]}, "4;7": {"type": "grass", "variant": 1, "pos": [4, 7]}, "6;7": {"type": "grass", "variant": 1, "pos": [6, 7]}, "7;7": {"type": "grass", "variant": 1, "pos": [7, 7]}, "8;7": {"type": "grass", "variant": 1, "pos": [8, 7]}, "9;7": {"type": "grass", "variant": 1, "pos": [9, 7]}, "10;7": {"type": "grass", "variant": 1, "pos": [10, 7]}, "12;7": {"type": "grass", "variant": 1, "pos": [12, 7]}, "11;7": {"type": "grass", "variant": 1, "pos": [11, 7]}, "13;7": {"type": "grass", "variant": 1, "pos": [13, 7]}, "14;7": {"type": "grass", "variant": 1, "pos": [14, 7]}, "15;7": {"type": "grass", "variant": 1, "pos": [15, 7]}, "15;8": {"type": "grass", "variant": 8, "pos": [15, 8]}, "15;9": {"type": "grass", "variant": 8, "pos": [15, 9]}, "15;10": {"type": "grass", "variant": 5, "pos": [15, 10]}, "3;8": {"type": "grass", "variant": 8, "pos": [3, 8]}, "3;9": {"type": "grass", "variant": 8, "pos": [3, 9]}, "3;10": {"type": "grass", "variant": 5, "pos": [3, 10]}, "4;8": {"type": "grass", "variant": 8, "pos": [4, 8]}, "5;8": {"type": "grass", "variant": 8, "pos": [5, 8]}, "6;8": {"type": "grass", "variant": 8, "pos": [6, 8]}, "7;8": {"type": "grass", "variant": 8, "pos": [7, 8]}, "8;8": {"type": "grass", "variant": 8, "pos": [8, 8]}, "9;8": {"type": "grass", "variant": 8, "pos": [9, 8]}, "11;8": {"type": "grass", "variant": 8, "pos": [11, 8]}, "10;8": {"type": "grass", "variant": 8, "pos": [10, 8]}, "12;8": {"type": "grass", "variant": 8, "pos": [12, 8]}, "13;8": {"type": "grass", "variant": 8, "pos": [13, 8]}, "14;8": {"type": "grass", "variant": 8, "pos": [14, 8]}, "14;9": {"type": "grass", "variant": 8, "pos": [14, 9]}, "14;10": {"type": "grass", "variant": 5, "pos": [14, 10]}, "4;10": {"type": "grass", "variant": 5, "pos": [4, 10]}, "4;9": {"type": "grass", "variant": 8, "pos": [4, 9]}, "5;9": {"type": "grass", "variant": 8, "pos": [5, 9]}, "7;9": {"type": "grass", "variant": 8, "pos": [7, 9]}, "6;9": {"type": "grass", "variant": 8, "pos": [6, 9]}, "8;9": {"type": "grass", "variant": 8, "pos": [8, 9]}, "9;9": {"type": "grass", "variant": 8, "pos": [9, 9]}, "10;9": {"type": "grass", "variant": 8, "pos": [10, 9]}, "11;10": {"type": "grass", "variant": 5, "pos": [11, 10]}, "11;9": {"type": "grass", "variant": 8, "pos": [11, 9]}, "13;9": {"type": "grass", "variant": 8, "pos": [13, 9]}, "12;9": {"type": "grass", "variant": 8, "pos": [12, 9]}, "12;10": {"type": "grass", "variant": 5, "pos": [12, 10]}, "13;10": {"type": "grass", "variant": 5, "pos": [13, 10]}, "10;10": {"type": "grass", "variant": 5, "pos": [10, 10]}, "8;10": {"type": "grass", "variant": 5, "pos": [8, 10]}, "9;10": {"type": "grass", "variant": 5, "pos": [9, 10]}, "7;10": {"type": "grass", "variant": 5, "pos": [7, 10]}, "6;10": {"type": "grass", "variant": 5, "pos": [6, 10]}, "5;10": {"type": "grass", "variant": 5, "pos": [5, 10]}, "7;5": {"type": "large_decor", "variant": 2, "pos": [7, 5]}, "7;6": {"type": "large_decor", "variant": 2, "pos": [7, 6]}, "14;4": {"type": "large_decor", "variant": 2, "pos": [14, 4]}, "14;6": {"type": "decor", "variant": 0, "pos": [14, 6]}, "16;6": {"type": "decor", "variant": 0, "pos": [16, 6]}, "11;6": {"type": "decor", "variant": 0, "pos": [11, 6]}, "6;6": {"type": "decor", "variant": 1, "pos": [6, 6]}, "18;2": {"type": "stone", "variant": 0, "pos": [18, 2]}, "19;2": {"type": "stone", "variant": 1, "pos": [19, 2]}, "20;2": {"type": "stone", "variant": 1, "pos": [20, 2]}, "21;2": {"type": "stone", "variant": 1, "pos": [21, 2]}, "22;2": {"type": "stone", "variant": 2, "pos": [22, 2]}, "22;3": {"type": "stone", "variant": 4, "pos": [22, 3]}, "18;3": {"type": "stone", "variant": 6, "pos": [18, 3]}, "20;3": {"type": "stone", "variant": 8, "pos": [20, 3]}, "19;3": {"type": "stone", "variant": 8, "pos": [19, 3]}, "20;4": {"type": "stone", "variant": 5, "pos": [20, 4]}, "19;4": {"type": "stone", "variant": 6, "pos": [19, 4]}, "21;3": {"type": "stone", "variant": 8, "pos": [21, 3]}, "21;4": {"type": "stone", "variant": 4, "pos": [21, 4]}, "22;1": {"type": "decor", "variant": 3, "pos": [22, 1]}, "15;0": {"type": "grass", "variant": 2, "pos": [15, 0]}, "14;0": {"type": "grass", "variant": 1, "pos": [14, 0]}, "13;0": {"type": "grass", "variant": 0, "pos": [13, 0]}, "8;-3": {"type": "grass", "variant": 6, "pos": [8, -3]}, "8;-4": {"type": "grass", "variant": 0, "pos": [8, -4]}, "9;-4": {"type": "grass", "variant": 1, "pos": [9, -4]}, "9;-3": {"type": "grass", "variant": 5, "pos": [9, -3]}, "10;-4": {"type": "grass", "variant": 2, "pos": [10, -4]}, "10;-3": {"type": "grass", "variant": 4, "pos": [10, -3]}, "15;-5": {"type": "stone", "variant": 0, "pos": [15, -5]}, "16;-5": {"type": "stone", "variant": 1, "pos": [16, -5]}, "17;-5": {"type": "stone", "variant": 1, "pos": [17, -5]}, "18;-5": {"type": "stone", "variant": 1, "pos": [18, -5]}, "17;-4": {"type": "stone", "variant": 4, "pos": [17, -4]}, "16;-4": {"type": "stone", "variant": 6, "pos": [16, -4]}, "19;-5": {"type": "grass", "variant": 0, "pos": [19, -5]}, "18;-4": {"type": "grass", "variant": 0, "pos": [18, -4]}, "19;-4": {"type": "grass", "variant": 5, "pos": [19, -4]}, "20;-4": {"type": "grass", "variant": 4, "pos": [20, -4]}, "20;-5": {"type": "grass", "variant": 2, "pos": [20, -5]}, "20;-6": {"type": "decor", "variant": 2, "pos": [20, -6]}, "10;-5": {"type": "decor", "variant": 2, "pos": [10, -5]}, "15;1": {"type": "grass", "variant": 4, "pos": [15, 1]}, "13;1": {"type": "grass", "variant": 6, "pos": [13, 1]}, "14;1": {"type": "grass", "variant": 5, "pos": [14, 1]}, "15;-1": {"type": "decor", "variant": 2, "pos": [15, -1]}}, "tile_size": 16, "offgrid": [{"type": "large_decor", "variant": 0, "pos": [77.5, 107.5]}, {"type": "large_decor", "variant": 0, "pos": [155.5, 107.5]}, {"type": "large_decor", "variant": 0, "pos": [213.5, 105.5]}, {"type": "large_decor", "variant": 2, "pos": [200.5, 70.0]}, {"type": "large_decor", "variant": 0, "pos": [127.0, -69.5]}, {"type": "spawners", "variant": 0, "pos": [41.0, 95.5]}, {"type": "large_decor", "variant": 2, "pos": [305.5, -123.5]}, {"type": "large_decor", "variant": 2, "pos": [149.5, -107.5]}, {"type": "spawners", "variant": 1, "pos": [302.0, 14.0]}, {"type": "large_decor", "variant": 2, "pos": [58.0, 69.5]}]}